dataset,,pi,charge,hm,aromacity
Baseline,0.25,5.1328125,0.096,0.19013742603784922,0.0
Baseline,0.5,9.7294921875,1.998,0.30383344451647853,0.08333333333333333
Baseline,0.75,11.3929443359375,3.997,0.4474952937720761,0.15
Generated,0.25,4.4541015625,-0.002,0.1272868076116003,0.0
Generated,0.5,7.076171875,1.027,0.21899417888405162,0.0625
Generated,0.75,10.025390625,2.928,0.3197085455660882,0.13333333333333333
Random,0.25,4.8828125,-0.003,0.14733739637183874,0.05263157894736842
Random,0.5,6.5,0.996,0.23771451732866403,0.13333333333333333
Random,0.75,8.8212890625,1.996,0.36743754135329565,0.21052631578947367
